provider_symbol,gbm_modality,fuente,url_fuente,fecha_verificacion,nota
ARKB.US,Trading USA,GBM The Academy: Acceso a ETFs de Bitcoin a través de GBM (act. 17-oct-2025),https://gbm.com/media/the-academy/acceso-a-etfs-de-bitcoin-a-traves-de-gbm/,2026-10-03,ETF de bitcoin spot listado en EE. UU.
BTCW.US,Trading USA,GBM The Academy: Acceso a ETFs de Bitcoin a través de GBM (act. 17-oct-2025),https://gbm.com/media/the-academy/acceso-a-etfs-de-bitcoin-a-traves-de-gbm/,2026-10-03,ETF de bitcoin spot listado en EE. UU.
BTCO.US,Trading USA,GBM The Academy: Acceso a ETFs de Bitcoin a través de GBM (act. 17-oct-2025),https://gbm.com/media/the-academy/acceso-a-etfs-de-bitcoin-a-traves-de-gbm/,2026-10-03,ETF de bitcoin spot listado en EE. UU.
BITB.US,Trading USA,GBM The Academy: Acceso a ETFs de Bitcoin a través de GBM (act. 17-oct-2025),https://gbm.com/media/the-academy/acceso-a-etfs-de-bitcoin-a-traves-de-gbm/,2026-10-03,ETF de bitcoin spot listado en EE. UU.
HODL.US,Trading USA,GBM The Academy: Acceso a ETFs de Bitcoin a través de GBM (act. 17-oct-2025),https://gbm.com/media/the-academy/acceso-a-etfs-de-bitcoin-a-traves-de-gbm/,2026-10-03,ETF de bitcoin spot listado en EE. UU.
EZBC.US,Trading USA,GBM The Academy: Acceso a ETFs de Bitcoin a través de GBM (act. 17-oct-2025),https://gbm.com/media/the-academy/acceso-a-etfs-de-bitcoin-a-traves-de-gbm/,2026-10-03,ETF de bitcoin spot listado en EE. UU.
FBTC.US,Trading USA,GBM The Academy: Acceso a ETFs de Bitcoin a través de GBM (act. 17-oct-2025),https://gbm.com/media/the-academy/acceso-a-etfs-de-bitcoin-a-traves-de-gbm/,2026-10-03,ETF de bitcoin spot listado en EE. UU.
BRRR.US,Trading USA,GBM The Academy: Acceso a ETFs de Bitcoin a través de GBM (act. 17-oct-2025),https://gbm.com/media/the-academy/acceso-a-etfs-de-bitcoin-a-traves-de-gbm/,2026-10-03,ETF de bitcoin spot listado en EE. UU.
GBTC.US,Trading USA,GBM The Academy: Acceso a ETFs de Bitcoin a través de GBM (act. 17-oct-2025),https://gbm.com/media/the-academy/acceso-a-etfs-de-bitcoin-a-traves-de-gbm/,2026-10-03,Fideicomiso de bitcoin listado en EE. UU.
DEFI.US,Trading USA,GBM The Academy: Acceso a ETFs de Bitcoin a través de GBM (act. 17-oct-2025),https://gbm.com/media/the-academy/acceso-a-etfs-de-bitcoin-a-traves-de-gbm/,2026-10-03,ETF de bitcoin spot listado en EE. UU. (verificar si sigue operando)
IBIT.US,Trading USA,GBM The Academy: Acceso a ETFs de Bitcoin a través de GBM (act. 17-oct-2025),https://gbm.com/media/the-academy/acceso-a-etfs-de-bitcoin-a-traves-de-gbm/,2026-10-03,ETF de bitcoin spot listado en EE. UU.
